x-axis,1
second,Volt
-5.000000000000e+00,-1.55914e+00
-4.900000000000e+00,-1.91070e+00
-4.800000000000e+00,-2.27203e+00
-4.700000000000e+00,-2.63336e+00
-4.600000000000e+00,-2.99469e+00
-4.500000000000e+00,-3.34625e+00
-4.400000000000e+00,-3.68805e+00
-4.300000000000e+00,-4.02984e+00
-4.200000000000e+00,-4.37164e+00
-4.100000000000e+00,-4.73297e+00
-4.000000000000e+00,-5.07477e+00
-3.900000000000e+00,-5.43609e+00
-3.800000000000e+00,-5.79742e+00
-3.700000000000e+00,-6.15875e+00
-3.600000000000e+00,-6.52008e+00
-3.500000000000e+00,-6.86188e+00
-3.400000000000e+00,-7.21344e+00
-3.300000000000e+00,-7.57477e+00
-3.200000000000e+00,-7.91656e+00
-3.100000000000e+00,-8.24859e+00
-3.000000000000e+00,-8.59039e+00
-2.900000000000e+00,-8.94195e+00
-2.800000000000e+00,-9.29352e+00
-2.700000000000e+00,-9.65484e+00
-2.600000000000e+00,-1.00162e+01
-2.500000000000e+00,-1.03482e+01
-2.400000000000e+00,-1.06998e+01
-2.300000000000e+00,-1.10611e+01
-2.200000000000e+00,-1.14224e+01
-2.100000000000e+00,-1.17837e+01
-2.000000000000e+00,-1.21451e+01
-1.900000000000e+00,-1.24966e+01
-1.800000000000e+00,-1.28580e+01
-1.700000000000e+00,-1.31900e+01
-1.600000000000e+00,-1.35416e+01
-1.500000000000e+00,-1.38834e+01
-1.400000000000e+00,-1.42252e+01
-1.300000000000e+00,-1.45767e+01
-1.200000000000e+00,-1.49380e+01
-1.100000000000e+00,-1.52896e+01
-1.000000000000e+00,-1.56412e+01
-9.000000000000e-01,-1.60025e+01
-8.000000000000e-01,-1.63541e+01
-7.000000000000e-01,-1.66861e+01
-6.000000000000e-01,-1.70377e+01
-5.000000000000e-01,-1.73892e+01
-4.000000000000e-01,-1.77505e+01
-3.000000000000e-01,-1.80923e+01
-2.000000000000e-01,-1.84439e+01
-1.000000000000e-01,-1.87857e+01
 0.000000000000e+00,-1.90982e+01
 1.000000000000e-01,-1.91080e+01
 2.000000000000e-01,-1.90494e+01
 3.000000000000e-01,-1.90005e+01
 4.000000000000e-01,-1.89420e+01
 5.000000000000e-01,-1.88834e+01
 6.000000000000e-01,-1.88248e+01
 7.000000000000e-01,-1.87759e+01
 8.000000000000e-01,-1.87173e+01
 9.000000000000e-01,-1.86588e+01
 1.000000000000e+00,-1.86099e+01
 1.100000000000e+00,-1.85513e+01
 1.200000000000e+00,-1.85025e+01
 1.300000000000e+00,-1.84537e+01
 1.400000000000e+00,-1.84048e+01
 1.500000000000e+00,-1.83560e+01
 1.600000000000e+00,-1.83072e+01
 1.700000000000e+00,-1.82486e+01
 1.800000000000e+00,-1.81998e+01
 1.900000000000e+00,-1.81412e+01
 2.000000000000e+00,-1.80826e+01
 2.100000000000e+00,-1.80240e+01
 2.200000000000e+00,-1.79752e+01
 2.300000000000e+00,-1.79263e+01
 2.400000000000e+00,-1.78775e+01
 2.500000000000e+00,-1.78287e+01
 2.600000000000e+00,-1.77701e+01
 2.700000000000e+00,-1.77213e+01
 2.800000000000e+00,-1.76724e+01
 2.900000000000e+00,-1.76236e+01
 3.000000000000e+00,-1.75650e+01
 3.100000000000e+00,-1.75162e+01
 3.200000000000e+00,-1.74576e+01
 3.300000000000e+00,-1.73990e+01
 3.400000000000e+00,-1.73502e+01
 3.500000000000e+00,-1.73013e+01
 3.600000000000e+00,-1.72525e+01
 3.700000000000e+00,-1.72037e+01
 3.800000000000e+00,-1.71451e+01
 3.900000000000e+00,-1.70963e+01
 4.000000000000e+00,-1.70474e+01
 4.100000000000e+00,-1.69888e+01
 4.200000000000e+00,-1.69302e+01
 4.300000000000e+00,-1.68814e+01
 4.400000000000e+00,-1.68326e+01
 4.500000000000e+00,-1.67838e+01
 4.600000000000e+00,-1.67349e+01
 4.700000000000e+00,-1.66763e+01
 4.800000000000e+00,-1.66275e+01
 4.900000000000e+00,-1.65787e+01
 5.000000000000e+00,-1.65298e+01
 5.100000000000e+00,-1.64810e+01
 5.200000000000e+00,-1.64322e+01
 5.300000000000e+00,-1.63834e+01
 5.400000000000e+00,-1.63443e+01
 5.500000000000e+00,-1.62955e+01
 5.600000000000e+00,-1.62466e+01
 5.700000000000e+00,-1.61978e+01
 5.800000000000e+00,-1.61392e+01
 5.900000000000e+00,-1.60904e+01
 6.000000000000e+00,-1.60318e+01
 6.100000000000e+00,-1.59830e+01
 6.200000000000e+00,-1.59341e+01
 6.300000000000e+00,-1.58853e+01
 6.400000000000e+00,-1.58267e+01
 6.500000000000e+00,-1.57779e+01
 6.600000000000e+00,-1.57291e+01
 6.700000000000e+00,-1.56802e+01
 6.800000000000e+00,-1.56314e+01
 6.900000000000e+00,-1.55728e+01
 7.000000000000e+00,-1.55142e+01
 7.100000000000e+00,-1.54654e+01
 7.200000000000e+00,-1.54166e+01
 7.300000000000e+00,-1.53775e+01
 7.400000000000e+00,-1.53287e+01
 7.500000000000e+00,-1.52798e+01
 7.600000000000e+00,-1.52310e+01
 7.700000000000e+00,-1.51724e+01
 7.800000000000e+00,-1.51236e+01
 7.900000000000e+00,-1.50650e+01
 8.000000000000e+00,-1.50162e+01
 8.100000000000e+00,-1.49673e+01
 8.200000000000e+00,-1.49087e+01
 8.300000000000e+00,-1.48697e+01
 8.400000000000e+00,-1.48111e+01
 8.500000000000e+00,-1.47623e+01
 8.600000000000e+00,-1.47134e+01
 8.700000000000e+00,-1.46548e+01
 8.800000000000e+00,-1.46060e+01
 8.900000000000e+00,-1.45572e+01
 9.000000000000e+00,-1.45084e+01
 9.100000000000e+00,-1.44693e+01
 9.200000000000e+00,-1.44205e+01
 9.300000000000e+00,-1.43619e+01
 9.400000000000e+00,-1.43228e+01
 9.500000000000e+00,-1.42642e+01
 9.600000000000e+00,-1.42154e+01
 9.700000000000e+00,-1.41666e+01
 9.800000000000e+00,-1.41177e+01
 9.900000000000e+00,-1.40591e+01
 1.000000000000e+01,-1.40201e+01
 1.010000000000e+01,-1.39712e+01
 1.020000000000e+01,-1.39224e+01
 1.030000000000e+01,-1.38736e+01
 1.040000000000e+01,-1.38248e+01
 1.050000000000e+01,-1.37759e+01
 1.060000000000e+01,-1.37271e+01
 1.070000000000e+01,-1.36783e+01
 1.080000000000e+01,-1.36295e+01
 1.090000000000e+01,-1.35806e+01
 1.100000000000e+01,-1.35318e+01
 1.110000000000e+01,-1.34830e+01
 1.120000000000e+01,-1.34341e+01
 1.130000000000e+01,-1.33853e+01
 1.140000000000e+01,-1.33365e+01
 1.150000000000e+01,-1.32877e+01
 1.160000000000e+01,-1.32388e+01
 1.170000000000e+01,-1.31900e+01
 1.180000000000e+01,-1.31509e+01
 1.190000000000e+01,-1.30923e+01
 1.200000000000e+01,-1.30533e+01
 1.210000000000e+01,-1.30045e+01
 1.220000000000e+01,-1.29556e+01
 1.230000000000e+01,-1.29068e+01
 1.240000000000e+01,-1.28580e+01
 1.250000000000e+01,-1.28091e+01
 1.260000000000e+01,-1.27505e+01
 1.270000000000e+01,-1.27115e+01
 1.280000000000e+01,-1.26529e+01
 1.290000000000e+01,-1.26041e+01
 1.300000000000e+01,-1.25552e+01
 1.310000000000e+01,-1.25064e+01
 1.320000000000e+01,-1.24478e+01
 1.330000000000e+01,-1.24087e+01
 1.340000000000e+01,-1.23599e+01
 1.350000000000e+01,-1.23111e+01
 1.360000000000e+01,-1.22623e+01
 1.370000000000e+01,-1.22134e+01
 1.380000000000e+01,-1.21646e+01
 1.390000000000e+01,-1.21158e+01
 1.400000000000e+01,-1.20670e+01
 1.410000000000e+01,-1.20181e+01
 1.420000000000e+01,-1.19693e+01
 1.430000000000e+01,-1.19205e+01
 1.440000000000e+01,-1.18716e+01
 1.450000000000e+01,-1.18228e+01
 1.460000000000e+01,-1.17642e+01
 1.470000000000e+01,-1.17154e+01
 1.480000000000e+01,-1.16568e+01
 1.490000000000e+01,-1.16080e+01
 1.500000000000e+01,-1.15591e+01
 1.510000000000e+01,-1.15103e+01
 1.520000000000e+01,-1.14615e+01
 1.530000000000e+01,-1.14029e+01
 1.540000000000e+01,-1.13541e+01
 1.550000000000e+01,-1.13052e+01
 1.560000000000e+01,-1.12564e+01
 1.570000000000e+01,-1.12076e+01
 1.580000000000e+01,-1.11587e+01
 1.590000000000e+01,-1.11099e+01
 1.600000000000e+01,-1.10513e+01
 1.610000000000e+01,-1.10025e+01
 1.620000000000e+01,-1.09537e+01
 1.630000000000e+01,-1.09048e+01
 1.640000000000e+01,-1.08560e+01
 1.650000000000e+01,-1.08072e+01
 1.660000000000e+01,-1.07584e+01
 1.670000000000e+01,-1.07095e+01
 1.680000000000e+01,-1.06607e+01
 1.690000000000e+01,-1.06021e+01
 1.700000000000e+01,-1.05533e+01
 1.710000000000e+01,-1.05045e+01
 1.720000000000e+01,-1.04556e+01
 1.730000000000e+01,-1.04068e+01
 1.740000000000e+01,-1.03580e+01
 1.750000000000e+01,-1.03091e+01
 1.760000000000e+01,-1.02701e+01
 1.770000000000e+01,-1.02212e+01
 1.780000000000e+01,-1.01822e+01
 1.790000000000e+01,-1.01334e+01
 1.800000000000e+01,-1.00845e+01
 1.810000000000e+01,-1.00357e+01
 1.820000000000e+01,-9.98687e+00
 1.830000000000e+01,-9.94781e+00
 1.840000000000e+01,-9.89898e+00
 1.850000000000e+01,-9.85016e+00
 1.860000000000e+01,-9.79156e+00
 1.870000000000e+01,-9.74273e+00
 1.880000000000e+01,-9.69391e+00
 1.890000000000e+01,-9.63531e+00
 1.900000000000e+01,-9.58648e+00
 1.910000000000e+01,-9.53766e+00
 1.920000000000e+01,-9.48883e+00
 1.930000000000e+01,-9.44000e+00
 1.940000000000e+01,-9.39117e+00
 1.950000000000e+01,-9.34234e+00
 1.960000000000e+01,-9.30328e+00
 1.970000000000e+01,-9.25445e+00
 1.980000000000e+01,-9.19586e+00
 1.990000000000e+01,-9.13727e+00
 2.000000000000e+01,-9.09820e+00
 2.010000000000e+01,-9.04937e+00
 2.020000000000e+01,-9.00055e+00
 2.030000000000e+01,-8.95172e+00
 2.040000000000e+01,-8.91266e+00
 2.050000000000e+01,-8.86383e+00
 2.060000000000e+01,-8.81500e+00
 2.070000000000e+01,-8.76617e+00
 2.080000000000e+01,-8.71734e+00
 2.090000000000e+01,-8.66852e+00
 2.100000000000e+01,-8.61969e+00
 2.110000000000e+01,-8.57086e+00
 2.120000000000e+01,-8.53180e+00
 2.130000000000e+01,-8.48297e+00
 2.140000000000e+01,-8.43414e+00
 2.150000000000e+01,-8.38531e+00
 2.160000000000e+01,-8.33648e+00
 2.170000000000e+01,-8.29742e+00
 2.180000000000e+01,-8.24859e+00
 2.190000000000e+01,-8.20953e+00
 2.200000000000e+01,-8.16070e+00
 2.210000000000e+01,-8.11187e+00
 2.220000000000e+01,-8.06305e+00
 2.230000000000e+01,-8.01422e+00
 2.240000000000e+01,-7.97516e+00
 2.250000000000e+01,-7.92633e+00
 2.260000000000e+01,-7.88727e+00
 2.270000000000e+01,-7.82867e+00
 2.280000000000e+01,-7.77984e+00
 2.290000000000e+01,-7.73102e+00
 2.300000000000e+01,-7.68219e+00
 2.310000000000e+01,-7.64313e+00
 2.320000000000e+01,-7.59430e+00
 2.330000000000e+01,-7.54547e+00
 2.340000000000e+01,-7.49664e+00
 2.350000000000e+01,-7.44781e+00
 2.360000000000e+01,-7.39898e+00
 2.370000000000e+01,-7.35016e+00
 2.380000000000e+01,-7.30133e+00
 2.390000000000e+01,-7.25250e+00
 2.400000000000e+01,-7.20367e+00
 2.410000000000e+01,-7.14508e+00
 2.420000000000e+01,-7.10602e+00
 2.430000000000e+01,-7.05719e+00
 2.440000000000e+01,-7.00836e+00
 2.450000000000e+01,-6.95953e+00
 2.460000000000e+01,-6.91070e+00
 2.470000000000e+01,-6.86188e+00
 2.480000000000e+01,-6.82281e+00
 2.490000000000e+01,-6.77398e+00
 2.500000000000e+01,-6.72516e+00
 2.510000000000e+01,-6.68609e+00
 2.520000000000e+01,-6.63727e+00
 2.530000000000e+01,-6.58844e+00
 2.540000000000e+01,-6.53961e+00
 2.550000000000e+01,-6.49078e+00
 2.560000000000e+01,-6.44195e+00
 2.570000000000e+01,-6.39313e+00
 2.580000000000e+01,-6.34430e+00
 2.590000000000e+01,-6.29547e+00
 2.600000000000e+01,-6.24664e+00
 2.610000000000e+01,-6.19781e+00
 2.620000000000e+01,-6.14898e+00
 2.630000000000e+01,-6.10016e+00
 2.640000000000e+01,-6.04156e+00
 2.650000000000e+01,-5.99273e+00
 2.660000000000e+01,-5.94391e+00
 2.670000000000e+01,-5.89508e+00
 2.680000000000e+01,-5.84625e+00
 2.690000000000e+01,-5.79742e+00
 2.700000000000e+01,-5.74859e+00
 2.710000000000e+01,-5.69977e+00
 2.720000000000e+01,-5.65094e+00
 2.730000000000e+01,-5.60211e+00
 2.740000000000e+01,-5.55328e+00
 2.750000000000e+01,-5.50445e+00
 2.760000000000e+01,-5.45563e+00
 2.770000000000e+01,-5.40680e+00
 2.780000000000e+01,-5.34820e+00
 2.790000000000e+01,-5.29938e+00
 2.800000000000e+01,-5.25055e+00
 2.810000000000e+01,-5.20172e+00
 2.820000000000e+01,-5.16266e+00
 2.830000000000e+01,-5.11383e+00
 2.840000000000e+01,-5.06500e+00
 2.850000000000e+01,-5.01617e+00
 2.860000000000e+01,-4.96734e+00
 2.870000000000e+01,-4.91852e+00
 2.880000000000e+01,-4.86969e+00
 2.890000000000e+01,-4.83063e+00
 2.900000000000e+01,-4.78180e+00
 2.910000000000e+01,-4.73297e+00
 2.920000000000e+01,-4.69391e+00
 2.930000000000e+01,-4.63531e+00
 2.940000000000e+01,-4.59625e+00
 2.950000000000e+01,-4.53766e+00
 2.960000000000e+01,-4.48883e+00
 2.970000000000e+01,-4.43023e+00
 2.980000000000e+01,-4.38141e+00
 2.990000000000e+01,-4.33258e+00
 3.000000000000e+01,-4.28375e+00
 3.010000000000e+01,-4.24469e+00
 3.020000000000e+01,-4.18609e+00
 3.030000000000e+01,-4.14703e+00
 3.040000000000e+01,-4.09820e+00
 3.050000000000e+01,-4.05914e+00
 3.060000000000e+01,-4.01031e+00
 3.070000000000e+01,-3.97125e+00
 3.080000000000e+01,-3.92242e+00
 3.090000000000e+01,-3.88336e+00
 3.100000000000e+01,-3.83453e+00
 3.110000000000e+01,-3.78570e+00
 3.120000000000e+01,-3.73688e+00
 3.130000000000e+01,-3.68805e+00
 3.140000000000e+01,-3.63922e+00
 3.150000000000e+01,-3.59039e+00
 3.160000000000e+01,-3.54156e+00
 3.170000000000e+01,-3.49273e+00
 3.180000000000e+01,-3.45367e+00
 3.190000000000e+01,-3.40484e+00
 3.200000000000e+01,-3.35602e+00
 3.210000000000e+01,-3.30719e+00
 3.220000000000e+01,-3.26813e+00
 3.230000000000e+01,-3.21930e+00
 3.240000000000e+01,-3.17047e+00
 3.250000000000e+01,-3.12164e+00
 3.260000000000e+01,-3.07281e+00
 3.270000000000e+01,-3.02398e+00
 3.280000000000e+01,-2.97516e+00
 3.290000000000e+01,-2.92633e+00
 3.300000000000e+01,-2.87750e+00
 3.310000000000e+01,-2.82867e+00
 3.320000000000e+01,-2.77984e+00
 3.330000000000e+01,-2.73102e+00
 3.340000000000e+01,-2.68219e+00
 3.350000000000e+01,-2.63336e+00
 3.360000000000e+01,-2.58453e+00
 3.370000000000e+01,-2.54547e+00
 3.380000000000e+01,-2.49664e+00
 3.390000000000e+01,-2.44781e+00
 3.400000000000e+01,-2.39898e+00
 3.410000000000e+01,-2.35016e+00
 3.420000000000e+01,-2.30133e+00
 3.430000000000e+01,-2.25250e+00
 3.440000000000e+01,-2.20367e+00
 3.450000000000e+01,-2.15484e+00
 3.460000000000e+01,-2.10602e+00
 3.470000000000e+01,-2.05719e+00
 3.480000000000e+01,-2.00836e+00
 3.490000000000e+01,-1.95953e+00
 3.500000000000e+01,-1.91070e+00
 3.510000000000e+01,-1.86188e+00
 3.520000000000e+01,-1.81305e+00
 3.530000000000e+01,-1.76422e+00
 3.540000000000e+01,-1.71539e+00
 3.550000000000e+01,-1.66656e+00
 3.560000000000e+01,-1.62750e+00
 3.570000000000e+01,-1.57867e+00
 3.580000000000e+01,-1.52984e+00
 3.590000000000e+01,-1.48102e+00
 3.600000000000e+01,-1.43219e+00
 3.610000000000e+01,-1.38336e+00
 3.620000000000e+01,-1.34430e+00
 3.630000000000e+01,-1.29547e+00
 3.640000000000e+01,-1.24664e+00
 3.650000000000e+01,-1.19781e+00
 3.660000000000e+01,-1.13922e+00
 3.670000000000e+01,-1.09039e+00
 3.680000000000e+01,-1.05133e+00
 3.690000000000e+01,-1.01227e+00
 3.700000000000e+01,-9.63437e-01
 3.710000000000e+01,-9.24375e-01
 3.720000000000e+01,-8.75547e-01
 3.730000000000e+01,-8.26719e-01
 3.740000000000e+01,-7.87656e-01
 3.750000000000e+01,-7.48594e-01
 3.760000000000e+01,-7.09531e-01
 3.770000000000e+01,-6.70469e-01
 3.780000000000e+01,-6.21641e-01
 3.790000000000e+01,-5.82578e-01
 3.800000000000e+01,-5.33750e-01
 3.810000000000e+01,-4.84922e-01
 3.820000000000e+01,-4.36094e-01
 3.830000000000e+01,-3.97031e-01
 3.840000000000e+01,-3.48203e-01
 3.850000000000e+01,-3.09141e-01
 3.860000000000e+01,-2.60312e-01
 3.870000000000e+01,-2.11484e-01
 3.880000000000e+01,-1.72422e-01
 3.890000000000e+01,-1.23594e-01
 3.900000000000e+01,-8.45312e-02
 3.910000000000e+01,-3.57031e-02
 3.920000000000e+01, 1.31250e-02
 3.930000000000e+01, 5.21875e-02
 3.940000000000e+01, 1.01016e-01
 3.950000000000e+01, 1.49844e-01
 3.960000000000e+01, 1.98672e-01
 3.970000000000e+01, 2.47500e-01
 3.980000000000e+01, 2.96328e-01
 3.990000000000e+01, 3.45156e-01
 4.000000000000e+01, 3.93984e-01
 4.010000000000e+01, 4.33047e-01
 4.020000000000e+01, 4.81875e-01
 4.030000000000e+01, 5.30703e-01
 4.040000000000e+01, 5.79531e-01
 4.050000000000e+01, 6.18594e-01
 4.060000000000e+01, 6.67422e-01
 4.070000000000e+01, 7.16250e-01
 4.080000000000e+01, 7.65078e-01
 4.090000000000e+01, 8.13906e-01
 4.100000000000e+01, 8.62734e-01
 4.110000000000e+01, 9.11563e-01
 4.120000000000e+01, 9.50625e-01
 4.130000000000e+01, 9.99453e-01
 4.140000000000e+01, 1.04828e+00
 4.150000000000e+01, 1.09711e+00
 4.160000000000e+01, 1.14594e+00
 4.170000000000e+01, 1.20453e+00
 4.180000000000e+01, 1.25336e+00
 4.190000000000e+01, 1.29242e+00
 4.200000000000e+01, 1.34125e+00
 4.210000000000e+01, 1.38031e+00
 4.220000000000e+01, 1.41937e+00
 4.230000000000e+01, 1.46820e+00
 4.240000000000e+01, 1.51703e+00
 4.250000000000e+01, 1.56586e+00
 4.260000000000e+01, 1.61469e+00
 4.270000000000e+01, 1.66352e+00
 4.280000000000e+01, 1.71234e+00
 4.290000000000e+01, 1.76117e+00
 4.300000000000e+01, 1.81000e+00
 4.310000000000e+01, 1.84906e+00
 4.320000000000e+01, 1.89789e+00
 4.330000000000e+01, 1.94672e+00
 4.340000000000e+01, 1.99555e+00
 4.350000000000e+01, 2.03461e+00
 4.360000000000e+01, 2.08344e+00
 4.370000000000e+01, 2.12250e+00
 4.380000000000e+01, 2.17133e+00
 4.390000000000e+01, 2.22016e+00
 4.400000000000e+01, 2.25922e+00
 4.410000000000e+01, 2.29828e+00
 4.420000000000e+01, 2.34711e+00
 4.430000000000e+01, 2.39594e+00
 4.440000000000e+01, 2.44477e+00
 4.450000000000e+01, 2.49359e+00
 4.460000000000e+01, 2.54242e+00
 4.470000000000e+01, 2.59125e+00
 4.480000000000e+01, 2.64008e+00
 4.490000000000e+01, 2.67914e+00
 4.500000000000e+01, 2.72797e+00
 4.510000000000e+01, 2.76703e+00
 4.520000000000e+01, 2.81586e+00
 4.530000000000e+01, 2.86469e+00
 4.540000000000e+01, 2.91352e+00
 4.550000000000e+01, 2.96234e+00
 4.560000000000e+01, 3.01117e+00
 4.570000000000e+01, 3.06000e+00
 4.580000000000e+01, 3.10883e+00
 4.590000000000e+01, 3.15766e+00
 4.600000000000e+01, 3.19672e+00
 4.610000000000e+01, 3.24555e+00
 4.620000000000e+01, 3.29437e+00
 4.630000000000e+01, 3.34320e+00
 4.640000000000e+01, 3.39203e+00
 4.650000000000e+01, 3.44086e+00
 4.660000000000e+01, 3.48969e+00
 4.670000000000e+01, 3.52875e+00
 4.680000000000e+01, 3.57758e+00
 4.690000000000e+01, 3.62641e+00
 4.700000000000e+01, 3.67523e+00
 4.710000000000e+01, 3.71430e+00
 4.720000000000e+01, 3.76312e+00
 4.730000000000e+01, 3.81195e+00
 4.740000000000e+01, 3.87055e+00
 4.750000000000e+01, 3.91937e+00
 4.760000000000e+01, 3.96820e+00
 4.770000000000e+01, 4.01703e+00
 4.780000000000e+01, 4.06586e+00
 4.790000000000e+01, 4.11469e+00
 4.800000000000e+01, 4.16352e+00
 4.810000000000e+01, 4.21234e+00
 4.820000000000e+01, 4.26117e+00
 4.830000000000e+01, 4.31000e+00
 4.840000000000e+01, 4.35883e+00
 4.850000000000e+01, 4.40766e+00
 4.860000000000e+01, 4.44672e+00
 4.870000000000e+01, 4.49555e+00
 4.880000000000e+01, 4.53461e+00
 4.890000000000e+01, 4.59320e+00
 4.900000000000e+01, 4.64203e+00
 4.910000000000e+01, 4.70062e+00
 4.920000000000e+01, 4.74945e+00
 4.930000000000e+01, 4.78852e+00
 4.940000000000e+01, 4.82758e+00
 4.950000000000e+01, 4.87641e+00
 4.960000000000e+01, 4.93500e+00
 4.970000000000e+01, 4.98383e+00
 4.980000000000e+01, 5.03266e+00
 4.990000000000e+01, 5.08148e+00
 5.000000000000e+01, 5.13031e+00
 5.010000000000e+01, 5.17914e+00
 5.020000000000e+01, 5.21820e+00
 5.030000000000e+01, 5.26703e+00
 5.040000000000e+01, 5.31586e+00
 5.050000000000e+01, 5.35492e+00
 5.060000000000e+01, 5.40375e+00
 5.070000000000e+01, 5.44281e+00
 5.080000000000e+01, 5.49164e+00
 5.090000000000e+01, 5.54047e+00
 5.100000000000e+01, 5.58930e+00
 5.110000000000e+01, 5.62836e+00
 5.120000000000e+01, 5.67719e+00
 5.130000000000e+01, 5.72602e+00
 5.140000000000e+01, 5.76508e+00
 5.150000000000e+01, 5.81391e+00
 5.160000000000e+01, 5.86273e+00
 5.170000000000e+01, 5.91156e+00
 5.180000000000e+01, 5.96039e+00
 5.190000000000e+01, 6.00922e+00
 5.200000000000e+01, 6.05805e+00
 5.210000000000e+01, 6.10687e+00
 5.220000000000e+01, 6.15570e+00
 5.230000000000e+01, 6.19477e+00
 5.240000000000e+01, 6.24359e+00
 5.250000000000e+01, 6.29242e+00
 5.260000000000e+01, 6.34125e+00
 5.270000000000e+01, 6.39008e+00
 5.280000000000e+01, 6.43891e+00
 5.290000000000e+01, 6.48773e+00
 5.300000000000e+01, 6.53656e+00
 5.310000000000e+01, 6.58539e+00
 5.320000000000e+01, 6.63422e+00
 5.330000000000e+01, 6.67328e+00
 5.340000000000e+01, 6.72211e+00
 5.350000000000e+01, 6.77094e+00
 5.360000000000e+01, 6.81000e+00
 5.370000000000e+01, 6.84906e+00
 5.380000000000e+01, 6.89789e+00
 5.390000000000e+01, 6.94672e+00
 5.400000000000e+01, 6.99555e+00
 5.410000000000e+01, 7.03461e+00
 5.420000000000e+01, 7.08344e+00
 5.430000000000e+01, 7.13227e+00
 5.440000000000e+01, 7.17133e+00
 5.450000000000e+01, 7.22016e+00
 5.460000000000e+01, 7.26898e+00
 5.470000000000e+01, 7.30805e+00
 5.480000000000e+01, 7.35687e+00
 5.490000000000e+01, 7.39594e+00
 5.500000000000e+01, 7.44477e+00
 5.510000000000e+01, 7.48383e+00
 5.520000000000e+01, 7.53266e+00
 5.530000000000e+01, 7.58148e+00
 5.540000000000e+01, 7.63031e+00
 5.550000000000e+01, 7.67914e+00
 5.560000000000e+01, 7.72797e+00
 5.570000000000e+01, 7.76703e+00
 5.580000000000e+01, 7.81586e+00
 5.590000000000e+01, 7.85492e+00
 5.600000000000e+01, 7.90375e+00
 5.610000000000e+01, 7.94281e+00
 5.620000000000e+01, 7.99164e+00
 5.630000000000e+01, 8.04047e+00
 5.640000000000e+01, 8.08930e+00
 5.650000000000e+01, 8.13813e+00
 5.660000000000e+01, 8.18695e+00
 5.670000000000e+01, 8.23578e+00
 5.680000000000e+01, 8.27484e+00
 5.690000000000e+01, 8.32367e+00
 5.700000000000e+01, 8.37250e+00
 5.710000000000e+01, 8.41156e+00
 5.720000000000e+01, 8.46039e+00
 5.730000000000e+01, 8.50922e+00
 5.740000000000e+01, 8.56781e+00
 5.750000000000e+01, 8.61664e+00
 5.760000000000e+01, 8.66547e+00
 5.770000000000e+01, 8.70453e+00
 5.780000000000e+01, 8.75336e+00
 5.790000000000e+01, 8.79242e+00
 5.800000000000e+01, 8.84125e+00
 5.810000000000e+01, 8.89008e+00
 5.820000000000e+01, 8.93891e+00
 5.830000000000e+01, 8.97797e+00
 5.840000000000e+01, 9.01703e+00
 5.850000000000e+01, 9.06586e+00
 5.860000000000e+01, 9.11469e+00
 5.870000000000e+01, 9.16352e+00
 5.880000000000e+01, 9.21234e+00
 5.890000000000e+01, 9.25141e+00
 5.900000000000e+01, 9.29047e+00
 5.910000000000e+01, 9.33930e+00
 5.920000000000e+01, 9.38813e+00
 5.930000000000e+01, 9.44672e+00
 5.940000000000e+01, 9.48578e+00
 5.950000000000e+01, 9.53461e+00
 5.960000000000e+01, 9.58344e+00
 5.970000000000e+01, 9.63227e+00
 5.980000000000e+01, 9.68109e+00
 5.990000000000e+01, 9.72992e+00
 6.000000000000e+01, 9.77875e+00
 6.010000000000e+01, 9.82758e+00
 6.020000000000e+01, 9.87641e+00
 6.030000000000e+01, 9.92523e+00
 6.040000000000e+01, 9.97406e+00
 6.050000000000e+01, 1.00229e+01
 6.060000000000e+01, 1.00717e+01
 6.070000000000e+01, 1.01108e+01
 6.080000000000e+01, 1.01498e+01
 6.090000000000e+01, 1.01987e+01
 6.100000000000e+01, 1.02573e+01
 6.110000000000e+01, 1.03061e+01
 6.120000000000e+01, 1.03452e+01
 6.130000000000e+01, 1.03940e+01
 6.140000000000e+01, 1.04428e+01
 6.150000000000e+01, 1.04916e+01
 6.160000000000e+01, 1.05405e+01
 6.170000000000e+01, 1.05893e+01
 6.180000000000e+01, 1.06381e+01
 6.190000000000e+01, 1.06967e+01
 6.200000000000e+01, 1.07358e+01
 6.210000000000e+01, 1.07748e+01
 6.220000000000e+01, 1.08237e+01
 6.230000000000e+01, 1.08725e+01
 6.240000000000e+01, 1.09116e+01
 6.250000000000e+01, 1.09604e+01
 6.260000000000e+01, 1.10092e+01
 6.270000000000e+01, 1.10580e+01
 6.280000000000e+01, 1.10971e+01
 6.290000000000e+01, 1.11557e+01
 6.300000000000e+01, 1.11948e+01
 6.310000000000e+01, 1.12436e+01
 6.320000000000e+01, 1.12924e+01
 6.330000000000e+01, 1.13315e+01
 6.340000000000e+01, 1.13803e+01
 6.350000000000e+01, 1.14291e+01
 6.360000000000e+01, 1.14682e+01
 6.370000000000e+01, 1.15170e+01
 6.380000000000e+01, 1.15659e+01
 6.390000000000e+01, 1.16049e+01
 6.400000000000e+01, 1.16538e+01
 6.410000000000e+01, 1.16830e+01
 6.420000000000e+01, 1.17221e+01
 6.430000000000e+01, 1.17709e+01
 6.440000000000e+01, 1.18198e+01
 6.450000000000e+01, 1.18686e+01
 6.460000000000e+01, 1.19174e+01
 6.470000000000e+01, 1.19565e+01
 6.480000000000e+01, 1.20053e+01
 6.490000000000e+01, 1.20541e+01
 6.500000000000e+01, 1.21030e+01
 6.510000000000e+01, 1.21420e+01
 6.520000000000e+01, 1.21909e+01
 6.530000000000e+01, 1.22299e+01
 6.540000000000e+01, 1.22788e+01
 6.550000000000e+01, 1.23178e+01
 6.560000000000e+01, 1.23666e+01
 6.570000000000e+01, 1.24155e+01
 6.580000000000e+01, 1.24643e+01
 6.590000000000e+01, 1.25131e+01
 6.600000000000e+01, 1.25620e+01
 6.610000000000e+01, 1.26108e+01
 6.620000000000e+01, 1.26596e+01
 6.630000000000e+01, 1.27084e+01
 6.640000000000e+01, 1.27573e+01
 6.650000000000e+01, 1.27963e+01
 6.660000000000e+01, 1.28452e+01
 6.670000000000e+01, 1.29038e+01
 6.680000000000e+01, 1.29526e+01
 6.690000000000e+01, 1.30014e+01
 6.700000000000e+01, 1.30405e+01
 6.710000000000e+01, 1.30893e+01
 6.720000000000e+01, 1.31284e+01
 6.730000000000e+01, 1.31772e+01
 6.740000000000e+01, 1.32163e+01
 6.750000000000e+01, 1.32651e+01
 6.760000000000e+01, 1.33041e+01
 6.770000000000e+01, 1.33432e+01
 6.780000000000e+01, 1.33920e+01
 6.790000000000e+01, 1.34506e+01
 6.800000000000e+01, 1.34995e+01
 6.810000000000e+01, 1.35483e+01
 6.820000000000e+01, 1.35873e+01
 6.830000000000e+01, 1.36362e+01
 6.840000000000e+01, 1.36850e+01
 6.850000000000e+01, 1.37436e+01
 6.860000000000e+01, 1.37924e+01
 6.870000000000e+01, 1.38413e+01
 6.880000000000e+01, 1.38803e+01
 6.890000000000e+01, 1.39291e+01
 6.900000000000e+01, 1.39780e+01
 6.910000000000e+01, 1.40170e+01
 6.920000000000e+01, 1.40659e+01
 6.930000000000e+01, 1.41147e+01
 6.940000000000e+01, 1.41635e+01
 6.950000000000e+01, 1.42026e+01
 6.960000000000e+01, 1.42612e+01
 6.970000000000e+01, 1.43002e+01
 6.980000000000e+01, 1.43491e+01
 6.990000000000e+01, 1.43881e+01
 7.000000000000e+01, 1.44370e+01
 7.010000000000e+01, 1.44955e+01
 7.020000000000e+01, 1.45444e+01
 7.030000000000e+01, 1.45932e+01
 7.040000000000e+01, 1.46420e+01
 7.050000000000e+01, 1.46811e+01
 7.060000000000e+01, 1.47397e+01
 7.070000000000e+01, 1.47788e+01
 7.080000000000e+01, 1.48276e+01
 7.090000000000e+01, 1.48764e+01
 7.100000000000e+01, 1.49155e+01
 7.110000000000e+01, 1.49545e+01
 7.120000000000e+01, 1.50034e+01
 7.130000000000e+01, 1.50522e+01
 7.140000000000e+01, 1.50913e+01
 7.150000000000e+01, 1.51303e+01
 7.160000000000e+01, 1.51791e+01
 7.170000000000e+01, 1.52280e+01
 7.180000000000e+01, 1.52670e+01
 7.190000000000e+01, 1.53159e+01
 7.200000000000e+01, 1.53647e+01
 7.210000000000e+01, 1.54038e+01
 7.220000000000e+01, 1.54526e+01
 7.230000000000e+01, 1.55014e+01
 7.240000000000e+01, 1.55502e+01
 7.250000000000e+01, 1.55991e+01
 7.260000000000e+01, 1.56479e+01
 7.270000000000e+01, 1.56967e+01
 7.280000000000e+01, 1.57358e+01
 7.290000000000e+01, 1.57748e+01
 7.300000000000e+01, 1.58237e+01
 7.310000000000e+01, 1.58627e+01
 7.320000000000e+01, 1.59116e+01
 7.330000000000e+01, 1.59702e+01
 7.340000000000e+01, 1.60092e+01
 7.350000000000e+01, 1.60580e+01
 7.360000000000e+01, 1.60971e+01
 7.370000000000e+01, 1.61459e+01
 7.380000000000e+01, 1.61948e+01
 7.390000000000e+01, 1.62436e+01
 7.400000000000e+01, 1.63022e+01
 7.410000000000e+01, 1.63412e+01
 7.420000000000e+01, 1.63901e+01
 7.430000000000e+01, 1.64291e+01
 7.440000000000e+01, 1.64780e+01
 7.450000000000e+01, 1.65170e+01
 7.460000000000e+01, 1.65659e+01
 7.470000000000e+01, 1.66147e+01
 7.480000000000e+01, 1.66635e+01
 7.490000000000e+01, 1.67123e+01
 7.500000000000e+01, 1.67612e+01
 7.510000000000e+01, 1.68002e+01
 7.520000000000e+01, 1.68491e+01
 7.530000000000e+01, 1.68979e+01
 7.540000000000e+01, 1.69467e+01
 7.550000000000e+01, 1.69955e+01
 7.560000000000e+01, 1.70444e+01
 7.570000000000e+01, 1.70932e+01
 7.580000000000e+01, 1.71323e+01
 7.590000000000e+01, 1.71713e+01
 7.600000000000e+01, 1.72202e+01
 7.610000000000e+01, 1.72592e+01
 7.620000000000e+01, 1.73080e+01
 7.630000000000e+01, 1.73471e+01
 7.640000000000e+01, 1.73959e+01
 7.650000000000e+01, 1.74350e+01
 7.660000000000e+01, 1.74838e+01
 7.670000000000e+01, 1.75327e+01
 7.680000000000e+01, 1.75815e+01
 7.690000000000e+01, 1.76303e+01
 7.700000000000e+01, 1.76889e+01
 7.710000000000e+01, 1.77377e+01
 7.720000000000e+01, 1.77866e+01
 7.730000000000e+01, 1.78256e+01
 7.740000000000e+01, 1.78745e+01
 7.750000000000e+01, 1.79135e+01
 7.760000000000e+01, 1.79526e+01
 7.770000000000e+01, 1.80014e+01
 7.780000000000e+01, 1.80502e+01
 7.790000000000e+01, 1.80893e+01
 7.800000000000e+01, 1.81381e+01
 7.810000000000e+01, 1.81870e+01
 7.820000000000e+01, 1.82260e+01
 7.830000000000e+01, 1.82553e+01
 7.840000000000e+01, 1.79721e+01
 7.850000000000e+01, 1.76108e+01
 7.860000000000e+01, 1.72397e+01
 7.870000000000e+01, 1.68881e+01
 7.880000000000e+01, 1.65268e+01
 7.890000000000e+01, 1.61557e+01
 7.900000000000e+01, 1.57944e+01
 7.910000000000e+01, 1.54330e+01
 7.920000000000e+01, 1.50815e+01
 7.930000000000e+01, 1.47397e+01
 7.940000000000e+01, 1.43686e+01
 7.950000000000e+01, 1.40073e+01
 7.960000000000e+01, 1.36362e+01
 7.970000000000e+01, 1.32748e+01
 7.980000000000e+01, 1.29233e+01
 7.990000000000e+01, 1.25620e+01
 8.000000000000e+01, 1.22006e+01
 8.010000000000e+01, 1.18491e+01
 8.020000000000e+01, 1.15170e+01
 8.030000000000e+01, 1.11557e+01
 8.040000000000e+01, 1.08041e+01
 8.050000000000e+01, 1.04330e+01
 8.060000000000e+01, 1.00717e+01
 8.070000000000e+01, 9.71039e+00
 8.080000000000e+01, 9.33930e+00
 8.090000000000e+01, 8.99750e+00
 8.100000000000e+01, 8.64594e+00
 8.110000000000e+01, 8.28461e+00
 8.120000000000e+01, 7.93305e+00
 8.130000000000e+01, 7.59125e+00
 8.140000000000e+01, 7.23969e+00
 8.150000000000e+01, 6.89789e+00
 8.160000000000e+01, 6.55609e+00
 8.170000000000e+01, 6.19477e+00
 8.180000000000e+01, 5.83344e+00
 8.190000000000e+01, 5.48187e+00
 8.200000000000e+01, 5.14008e+00
 8.210000000000e+01, 4.76898e+00
 8.220000000000e+01, 4.41742e+00
 8.230000000000e+01, 4.04633e+00
 8.240000000000e+01, 3.67523e+00
 8.250000000000e+01, 3.32367e+00
 8.260000000000e+01, 2.97211e+00
 8.270000000000e+01, 2.62055e+00
 8.280000000000e+01, 2.26898e+00
 8.290000000000e+01, 1.93695e+00
 8.300000000000e+01, 1.57562e+00
 8.310000000000e+01, 1.23383e+00
 8.320000000000e+01, 8.72500e-01
 8.330000000000e+01, 5.20938e-01
 8.340000000000e+01, 1.69375e-01
 8.350000000000e+01,-1.72422e-01
 8.360000000000e+01,-5.14219e-01
 8.370000000000e+01,-8.26719e-01
 8.380000000000e+01,-1.15875e+00
 8.390000000000e+01,-1.52008e+00
 8.400000000000e+01,-1.87164e+00
 8.410000000000e+01,-2.24273e+00
 8.420000000000e+01,-2.59430e+00
 8.430000000000e+01,-2.95563e+00
 8.440000000000e+01,-3.30719e+00
 8.450000000000e+01,-3.65875e+00
 8.460000000000e+01,-3.99078e+00
 8.470000000000e+01,-4.33258e+00
 8.480000000000e+01,-4.69391e+00
 8.490000000000e+01,-5.03570e+00
 8.500000000000e+01,-5.39703e+00
 8.510000000000e+01,-5.75836e+00
 8.520000000000e+01,-6.11969e+00
 8.530000000000e+01,-6.48102e+00
 8.540000000000e+01,-6.82281e+00
 8.550000000000e+01,-7.17438e+00
 8.560000000000e+01,-7.53570e+00
 8.570000000000e+01,-7.87750e+00
 8.580000000000e+01,-8.21930e+00
 8.590000000000e+01,-8.55133e+00
 8.600000000000e+01,-8.90289e+00
 8.610000000000e+01,-9.25445e+00
 8.620000000000e+01,-9.61578e+00
 8.630000000000e+01,-9.97711e+00
 8.640000000000e+01,-1.03091e+01
 8.650000000000e+01,-1.06607e+01
 8.660000000000e+01,-1.10220e+01
 8.670000000000e+01,-1.13834e+01
 8.680000000000e+01,-1.17545e+01
 8.690000000000e+01,-1.21060e+01
 8.700000000000e+01,-1.24576e+01
 8.710000000000e+01,-1.28189e+01
 8.720000000000e+01,-1.31607e+01
 8.730000000000e+01,-1.35025e+01
 8.740000000000e+01,-1.38443e+01
 8.750000000000e+01,-1.41861e+01
 8.760000000000e+01,-1.45377e+01
 8.770000000000e+01,-1.48990e+01
 8.780000000000e+01,-1.52505e+01
 8.790000000000e+01,-1.56021e+01
 8.800000000000e+01,-1.59634e+01
 8.810000000000e+01,-1.63150e+01
 8.820000000000e+01,-1.66373e+01
 8.830000000000e+01,-1.69888e+01
 8.840000000000e+01,-1.73502e+01
 8.850000000000e+01,-1.77017e+01
 8.860000000000e+01,-1.80533e+01
 8.870000000000e+01,-1.84048e+01
 8.880000000000e+01,-1.87369e+01
 8.890000000000e+01,-1.90689e+01
 8.900000000000e+01,-1.91177e+01
 8.910000000000e+01,-1.90591e+01
 8.920000000000e+01,-1.90005e+01
 8.930000000000e+01,-1.89517e+01
 8.940000000000e+01,-1.88931e+01
 8.950000000000e+01,-1.88345e+01
 8.960000000000e+01,-1.87759e+01
 8.970000000000e+01,-1.87271e+01
 8.980000000000e+01,-1.86685e+01
 8.990000000000e+01,-1.86099e+01
 9.000000000000e+01,-1.85611e+01
 9.010000000000e+01,-1.85123e+01
 9.020000000000e+01,-1.84634e+01
 9.030000000000e+01,-1.84146e+01
 9.040000000000e+01,-1.83658e+01
 9.050000000000e+01,-1.83170e+01
 9.060000000000e+01,-1.82584e+01
 9.070000000000e+01,-1.81998e+01
 9.080000000000e+01,-1.81412e+01
 9.090000000000e+01,-1.80826e+01
 9.100000000000e+01,-1.80338e+01
 9.110000000000e+01,-1.79849e+01
 9.120000000000e+01,-1.79361e+01
 9.130000000000e+01,-1.78873e+01
 9.140000000000e+01,-1.78287e+01
 9.150000000000e+01,-1.77798e+01
 9.160000000000e+01,-1.77213e+01
 9.170000000000e+01,-1.76724e+01
 9.180000000000e+01,-1.76236e+01
 9.190000000000e+01,-1.75650e+01
 9.200000000000e+01,-1.75162e+01
 9.210000000000e+01,-1.74576e+01
 9.220000000000e+01,-1.74088e+01
 9.230000000000e+01,-1.73502e+01
 9.240000000000e+01,-1.73013e+01
 9.250000000000e+01,-1.72525e+01
 9.260000000000e+01,-1.72037e+01
 9.270000000000e+01,-1.71451e+01
 9.280000000000e+01,-1.71060e+01
 9.290000000000e+01,-1.70474e+01
 9.300000000000e+01,-1.69986e+01
 9.310000000000e+01,-1.69400e+01
 9.320000000000e+01,-1.68814e+01
 9.330000000000e+01,-1.68326e+01
 9.340000000000e+01,-1.67838e+01
 9.350000000000e+01,-1.67349e+01
 9.360000000000e+01,-1.66861e+01
 9.370000000000e+01,-1.66275e+01
 9.380000000000e+01,-1.65787e+01
 9.390000000000e+01,-1.65298e+01
 9.400000000000e+01,-1.64908e+01
 9.410000000000e+01,-1.64420e+01
 9.420000000000e+01,-1.63931e+01
 9.430000000000e+01,-1.63443e+01
 9.440000000000e+01,-1.63052e+01
 9.450000000000e+01,-1.62564e+01
 9.460000000000e+01,-1.61978e+01
 9.470000000000e+01,-1.61490e+01
 9.480000000000e+01,-1.60904e+01
 9.490000000000e+01,-1.60416e+01